Zip,Price,Area,Room,PriceSqm
1091 CR,685000.0,64,3,10703.125
1059 EL,475000.0,60,3,7916.666666666667
1097 SM,850000.0,109,4,7798.165137614679
1060 TH,580000.0,128,6,4531.25
1036 KN,720000.0,138,5,5217.391304347826
1051 AM,450000.0,53,2,8490.566037735849
1033 KM,450000.0,87,3,5172.413793103448
1053 WL,590000.0,80,2,7375.0
1058 DG,399000.0,49,3,8142.857142857143
1073 TM,300000.0,33,2,9090.90909090909
1058 HN,540000.0,69,3,7826.086956521739
1019 LD,539000.0,88,3,6125.0
1091 CK,390000.0,45,3,8666.666666666666
1017 AD,575000.0,70,2,8214.285714285714
1091 CT,650000.0,86,3,7558.139534883721
1036 KE,475000.0,105,5,4523.809523809524
1058 VP,700000.0,102,6,6862.745098039216
1064 CP,325000.0,78,3,4166.666666666667
1102 SX,399000.0,100,3,3990.0
1013 WJ,375000.0,52,3,7211.538461538462
1016 DP,1625000.0,199,6,8165.829145728643
1072 JK,575000.0,71,3,8098.591549295775
1062 BS,600000.0,114,4,5263.1578947368425
1095 JX,525000.0,75,3,7000.0
1034 LH,350000.0,110,5,3181.818181818182
1035 HG,350000.0,89,3,3932.5842696629215
1083 GP,575000.0,134,5,4291.044776119403
1056 JJ,375000.0,51,3,7352.941176470588
1065 BG,1650000.0,235,7,7021.276595744681
1072 HN,325000.0,37,2,8783.783783783783
1078 DE,800000.0,98,3,8163.265306122449
1013 EC,1950000.0,258,4,7558.139534883721
1076 JP,735000.0,83,3,8855.421686746988
1054 GJ,3925000.0,319,7,12304.075235109718
1053 DS,475000.0,74,3,6418.918918918919
1083 TL,275000.0,31,2,8870.967741935483
1073 GJ,375000.0,47,2,7978.723404255319
1054 TL,570000.0,63,3,9047.619047619048
1018 NB,375000.0,43,2,8720.93023255814
1019 JX,895000.0,163,6,5490.79754601227
1056 TD,365000.0,49,3,7448.9795918367345
1053 XP,550000.0,62,3,8870.967741935483
1106 DM,325000.0,91,4,3571.4285714285716
1018 VS,429000.0,50,3,8580.0
1093 TE,650000.0,120,4,5416.666666666667
1056 NZ,350000.0,55,3,6363.636363636364
1095 BN,475000.0,79,3,6012.658227848101
1104 VA,325000.0,99,3,3282.8282828282827
1064 WX,425000.0,82,3,5182.926829268293
1024 BG,350000.0,77,4,4545.454545454545
1062 JS,350000.0,81,3,4320.9876543209875
1068 JC,375000.0,93,4,4032.2580645161293
1013 DR,450000.0,73,3,6164.3835616438355
1017 HH,1185000.0,160,5,7406.25
1034 BM,385000.0,74,3,5202.7027027027025
1075 XR,687500.0,86,4,7994.186046511628
1035 PE,585000.0,52,4,11250.0
1011 PT,1295000.0,145,5,8931.034482758621
1055 GW,375000.0,61,3,6147.540983606557
1095 AN,500000.0,86,4,5813.953488372093
1024 VE,300000.0,78,4,3846.153846153846
1056 XJ,375000.0,52,4,7211.538461538462
1058 XZ,400000.0,51,2,7843.137254901961
1078 EZ,850000.0,117,5,7264.957264957265
1054 KJ,550000.0,72,3,7638.888888888889
1024 HM,275000.0,56,2,4910.714285714285
1055 KE,330000.0,54,3,6111.111111111111
1095 MD,700000.0,102,3,6862.745098039216
1097 NR,500000.0,72,2,6944.444444444444
1094 EB,369000.0,47,3,7851.063829787234
1107 PW,245000.0,68,3,3602.9411764705883
1033 HR,350000.0,65,4,5384.615384615385
1055 GG,425000.0,69,3,6159.420289855072
1017 VV,,147,3,
1067 JG,375000.0,94,4,3989.3617021276596
1025 HE,335000.0,92,4,3641.304347826087
1072 KA,450000.0,56,3,8035.714285714285
1107 DK,395000.0,101,5,3910.891089108911
1052 TR,300000.0,45,2,6666.666666666667
1095 RZ,450000.0,84,3,5357.142857142857
1057 RX,415000.0,51,2,8137.254901960784
1017 VX,650000.0,67,4,9701.492537313432
1013 XT,425000.0,52,2,8173.076923076923
1015 GL,469000.0,67,2,7000.0
1018 KP,485000.0,73,4,6643.835616438356
1055 RD,225000.0,32,1,7031.25
1052 AA,285000.0,29,2,9827.586206896553
1016 EH,995000.0,97,2,10257.731958762886
1018 AW,1475000.0,220,5,6704.545454545455
1053 VC,475000.0,60,3,7916.666666666667
1061 SR,475000.0,124,5,3830.6451612903224
1059 BH,395000.0,56,2,7053.571428571428
1012 ET,375000.0,47,2,7978.723404255319
1075 XR,400000.0,37,2,10810.81081081081
1013 RP,325000.0,42,2,7738.0952380952385
1076 RA,400000.0,53,3,7547.169811320755
1077 DE,475000.0,80,3,5937.5
1098 TK,425000.0,68,3,6250.0
1063 KS,375000.0,101,3,3712.871287128713
1051 EA,365000.0,47,2,7765.95744680851
1092 EW,500000.0,67,3,7462.686567164179
1062 KC,450000.0,92,3,4891.304347826087
1015 DT,725000.0,95,3,7631.578947368421
1017 ZP,4550000.0,497,13,9154.929577464789
1103 LN,225000.0,52,2,4326.923076923077
1056 WR,375000.0,55,3,6818.181818181818
1051 NX,495000.0,74,3,6689.189189189189
1017 NH,475000.0,58,3,8189.6551724137935
1017 NL,450000.0,53,2,8490.566037735849
1078 PJ,475000.0,66,3,7196.969696969697
1058 NM,475000.0,62,3,7661.290322580645
1068 SM,345000.0,61,3,5655.737704918033
1062 ER,369000.0,78,3,4730.7692307692305
1107 LD,320000.0,91,4,3516.4835164835163
1021 CW,465000.0,66,3,7045.454545454545
1012 EL,340000.0,35,2,9714.285714285714
1106 HH,375000.0,111,5,3378.3783783783783
1091 CL,595000.0,93,3,6397.8494623655915
1019 GD,525000.0,92,3,5706.521739130435
1069 EC,245000.0,61,3,4016.3934426229507
1024 AS,275000.0,85,4,3235.294117647059
1018 AK,575000.0,72,2,7986.111111111111
1107 RA,250000.0,70,3,3571.4285714285716
1019 AX,975000.0,165,5,5909.090909090909
1052 KB,375000.0,52,2,7211.538461538462
1096 GG,1100000.0,159,5,6918.238993710692
1013 BD,750000.0,102,3,7352.941176470588
1011 TE,439000.0,55,3,7981.818181818182
1091 PW,375000.0,57,2,6578.9473684210525
1011 MP,445000.0,66,3,6742.424242424242
1024 TR,325000.0,77,4,4220.779220779221
1056 KM,415000.0,57,2,7280.701754385965
1053 PA,300000.0,43,2,6976.7441860465115
1015 DC,915000.0,88,5,10397.727272727272
1060 NM,685000.0,183,6,3743.1693989071036
1057 PZ,350000.0,50,3,7000.0
1077 KB,1025000.0,135,4,7592.592592592592
1018 ZW,895000.0,177,4,5056.497175141243
1058 EM,350000.0,59,2,5932.203389830508
1063 LW,265000.0,65,3,4076.923076923077
1066 TM,500000.0,100,4,5000.0
1107 EX,295000.0,106,4,2783.0188679245284
1077 MR,1175000.0,159,7,7389.937106918239
1016 BE,995000.0,113,3,8805.309734513274
1072 RW,385000.0,54,2,7129.62962962963
1053 RV,550000.0,89,4,6179.775280898876
1053 GD,325000.0,40,2,8125.0
1102 HB,225000.0,62,2,3629.032258064516
1083 AT,395000.0,66,3,5984.848484848485
1067 VR,425000.0,102,4,4166.666666666667
1016 XA,525000.0,64,4,8203.125
1065 LH,800000.0,132,6,6060.606060606061
1068 EK,400000.0,88,4,4545.454545454545
1024 HL,250000.0,50,2,5000.0
1051 CW,360000.0,41,2,8780.487804878048
1095 MD,1050000.0,154,4,6818.181818181818
1024 ML,799000.0,230,8,3473.913043478261
1017 WG,1700000.0,194,6,8762.886597938144
1082 BG,825000.0,178,7,4634.831460674157
1063 TZ,290000.0,50,2,5800.0
1015 AA,469000.0,50,3,9380.0
1017 AG,625000.0,74,3,8445.945945945947
1018 XH,1050000.0,149,8,7046.979865771812
1033 VK,540000.0,79,4,6835.443037974684
1104 TT,285000.0,96,4,2968.75
1087 VS,859000.0,168,3,5113.0952380952385
1025 HW,275000.0,63,2,4365.079365079365
1060 PR,525000.0,153,6,3431.372549019608
1065 EX,375000.0,73,4,5136.986301369863
1068 CK,399500.0,89,2,4488.76404494382
1068 PM,430000.0,103,4,4174.757281553398
1096 CR,1300000.0,141,4,9219.85815602837
1082 MR,1750000.0,130,3,13461.538461538461
1015 MT,950000.0,109,4,8715.59633027523
1012 RT,1450000.0,150,3,9666.666666666666
1104 EA,285000.0,69,3,4130.434782608696
1055 KB,300000.0,54,2,5555.555555555556
1081 JR,1500000.0,166,4,9036.144578313253
1077 XR,685000.0,107,4,6401.869158878505
1012 JS,4495000.0,178,5,25252.808988764045
1035 PP,989000.0,171,5,5783.625730994152
1027 AE,765000.0,100,4,7650.0
1083 AJ,900000.0,159,9,5660.377358490566
1098 JR,665000.0,118,4,5635.593220338983
1017 ZM,2475000.0,183,4,13524.590163934427
1061 DJ,475000.0,98,4,4846.938775510204
1024 VE,300000.0,78,4,3846.153846153846
1064 PE,350000.0,103,4,3398.0582524271845
1091 DA,450000.0,45,2,10000.0
1066 DJ,600000.0,145,4,4137.931034482759
1051 TS,350000.0,39,2,8974.358974358975
1058 EE,595000.0,100,3,5950.0
1053 RD,335000.0,42,2,7976.190476190476
1077 ES,1295000.0,154,4,8409.09090909091
1071 ED,825000.0,103,3,8009.708737864078
1017 EL,5950000.0,394,10,15101.522842639593
1108 BR,325000.0,85,4,3823.529411764706
1069 KA,450000.0,115,3,3913.0434782608695
1012 WP,1450000.0,125,2,11600.0
1061 AH,585000.0,99,3,5909.090909090909
1015 MZ,1200000.0,105,4,11428.57142857143
1071 BZ,1550000.0,153,5,10130.718954248367
1013 BH,1250000.0,147,4,8503.401360544218
1015 BK,998000.0,121,2,8247.933884297521
1057 ZW,395000.0,54,3,7314.814814814815
1017 DN,935000.0,85,3,11000.0
1018 VG,1050000.0,63,3,16666.666666666668
1012 BJ,729000.0,110,5,6627.272727272727
1060 TH,699000.0,130,5,5376.923076923077
1060 LP,1500000.0,255,7,5882.35294117647
1087 SM,400000.0,25,2,16000.0
1055 VJ,550000.0,102,4,5392.156862745098
1016 ST,950000.0,133,7,7142.857142857143
1071 RK,975000.0,93,3,10483.870967741936
1068 WT,295000.0,79,3,3734.1772151898736
1067 XN,350000.0,71,4,4929.577464788732
1096 CR,685000.0,110,4,6227.272727272727
1058 AH,1499000.0,245,8,6118.367346938776
1016 JC,1275000.0,165,5,7727.272727272727
1017 NJ,375000.0,38,1,9868.421052631578
1015 BT,1595000.0,199,6,8015.075376884422
1018 AD,439000.0,48,2,9145.833333333334
1057 HW,785000.0,95,5,8263.157894736842
1021 HJ,395000.0,68,3,5808.823529411765
1013 GE,595000.0,78,3,7628.205128205128
1011 LM,875000.0,117,3,7478.6324786324785
1017 BA,295000.0,29,2,10172.413793103447
1082 KA,520000.0,80,2,6500.0
1076 SP,439000.0,57,3,7701.754385964912
1092 BT,410000.0,66,4,6212.121212121212
1015 WE,275000.0,23,1,11956.521739130434
1015 SH,2450000.0,259,8,9459.45945945946
1051 CW,350000.0,45,2,7777.777777777777
1091 EN,1795000.0,158,6,11360.759493670887
1015 GJ,835000.0,120,5,6958.333333333333
1012 RN,985000.0,111,5,8873.873873873874
1051 VB,425000.0,56,2,7589.285714285715
1011 AW,635000.0,58,3,10948.275862068966
1011 DG,999500.0,151,3,6619.205298013245
1054 ES,1050000.0,151,4,6953.64238410596
1069 TS,225000.0,60,3,3750.0
1077 KC,1099000.0,165,5,6660.606060606061
1071 ED,895000.0,103,3,8689.320388349515
1027 EZ,899000.0,258,1,3484.4961240310076
1076 KV,799000.0,146,5,5472.602739726028
1066 TC,719000.0,129,4,5573.643410852713
1013 EW,750000.0,119,6,6302.5210084033615
1066 MP,285000.0,37,2,7702.7027027027025
1066 MP,285000.0,37,2,7702.7027027027025
1015 CJ,900000.0,111,2,8108.108108108108
1087 LL,475000.0,93,3,5107.5268817204305
1067 VM,545000.0,110,4,4954.545454545455
1052 KH,685000.0,94,3,7287.234042553191
1075 ET,2200000.0,198,7,11111.111111111111
1017 CW,650000.0,81,3,8024.691358024691
1032 KK,1100011.0,207,5,5314.062801932367
1054 LR,1200000.0,81,3,14814.814814814816
1028 BE,1495000.0,214,5,6985.981308411215
1055 RD,295000.0,47,2,6276.595744680851
1012 XJ,1000000.0,117,4,8547.008547008547
1012 VH,1150000.0,162,5,7098.765432098766
1018 TP,2250000.0,250,8,9000.0
1072 AN,1350000.0,173,5,7803.468208092486
1072 AN,1650000.0,232,9,7112.068965517241
1076 XP,2750000.0,309,8,8899.676375404531
1086 ZK,1050000.0,216,7,4861.111111111111
1011 BG,469000.0,90,3,5211.111111111111
1035 PG,669000.0,107,5,6252.336448598131
1108 CA,300000.0,71,2,4225.352112676056
1055 KM,425000.0,49,2,8673.469387755102
1087 DP,749000.0,150,5,4993.333333333333
1060 RZ,700000.0,186,8,3763.440860215054
1011 TE,389000.0,30,2,12966.666666666666
1066 EM,900000.0,187,6,4812.834224598931
1019 AW,1750000.0,246,8,7113.821138211382
1102 TS,275000.0,85,4,3235.294117647059
1075 BM,3500000.0,374,7,9358.288770053476
1066 GE,400000.0,79,3,5063.291139240507
1094 PT,850000.0,110,2,7727.272727272727
1077 PN,1700000.0,203,5,8374.384236453201
1017 AD,2325000.0,150,6,15500.0
1017 AV,1495000.0,175,6,8542.857142857143
1019 BG,549000.0,91,5,6032.9670329670325
1071 AB,1375000.0,115,3,11956.521739130434
1016 KH,1250000.0,165,7,7575.757575757576
1013 HC,500000.0,72,2,6944.444444444444
1033 WG,575000.0,183,5,3142.0765027322404
1017 ZM,2475000.0,183,3,13524.590163934427
1011 AR,1425000.0,257,4,5544.747081712062
1071 BW,1695000.0,117,3,14487.179487179486
1060 PJ,515000.0,130,4,3961.5384615384614
1082 MT,1095000.0,134,3,8171.641791044776
1071 AK,2500000.0,202,6,12376.237623762376
1025 CW,519900.0,120,5,4332.5
1018 EK,700000.0,88,5,7954.545454545455
1073 VE,2650000.0,387,10,6847.545219638243
1078 EW,1149000.0,141,6,8148.936170212766
1102 HJ,280000.0,93,4,3010.7526881720432
1011 NA,600000.0,129,4,4651.162790697675
1014 ZP,950000.0,94,1,10106.382978723404
1012 NH,849000.0,120,3,7075.0
1031 KV,3680000.0,374,4,9839.57219251337
1057 XW,850000.0,149,7,5704.697986577181
1073 RN,750750.0,114,4,6585.526315789473
1012 GH,1400000.0,213,7,6572.769953051643
1016 AE,4900000.0,623,13,7865.168539325843
1027 AD,899000.0,128,5,7023.4375
1027 AD,895000.0,95,3,9421.052631578947
1027 AH,1695000.0,467,14,3629.5503211991436
1077 KG,1085000.0,131,5,8282.442748091604
1065 TJ,300000.0,30,3,10000.0
1011 VB,649000.0,82,3,7914.634146341464
1011 VB,785000.0,105,5,7476.190476190476
1065 AH,565000.0,94,3,6010.63829787234
1035 RW,1395000.0,133,3,10488.721804511279
1017 KE,795000.0,102,3,7794.117647058823
1016 VM,1200000.0,121,4,9917.355371900827
1017 BW,995000.0,146,3,6815.068493150685
1017 KP,775000.0,127,3,6102.36220472441
1017 KP,825000.0,148,3,5574.324324324324
1027 EZ,1249000.0,258,5,4841.085271317829
1067 HP,,366,12,
1067 EP,380000.0,100,4,3800.0
1102 AZ,450000.0,120,5,3750.0
1019 RS,399000.0,66,2,6045.454545454545
1015 WH,650000.0,102,3,6372.549019607844
1066 HR,485000.0,109,1,4449.54128440367
1054 DT,1599000.0,139,5,11503.597122302159
1069 LW,950000.0,226,7,4203.539823008849
1066 DE,629000.0,127,4,4952.755905511811
1023 NM,359000.0,69,4,5202.898550724638
1095 AE,419000.0,75,4,5586.666666666667
1102 VE,250000.0,60,3,4166.666666666667
1106 AP,320000.0,104,5,3076.923076923077
1015 AG,3500000.0,348,8,10057.471264367816
1103 DH,415000.0,115,4,3608.695652173913
1018 GW,750000.0,124,5,6048.387096774193
1081 GP,420000.0,73,3,5753.424657534247
1013 AD,525000.0,63,3,8333.333333333334
1087 GL,550000.0,107,4,5140.186915887851
1093 ER,450000.0,60,4,7500.0
1076 ST,425000.0,54,3,7870.37037037037
1016 LN,699000.0,108,6,6472.222222222223
1074 HZ,675000.0,95,3,7105.263157894737
1058 BD,1150000.0,150,5,7666.666666666667
1014 ZC,1250000.0,131,4,9541.984732824427
1014 ZC,1450000.0,158,4,9177.215189873417
1018 AA,240000.0,26,1,9230.76923076923
1069 RT,345000.0,80,3,4312.5
1016 NX,425000.0,56,3,7589.285714285715
1102 XH,250000.0,60,2,4166.666666666667
1092 VA,485000.0,59,3,8220.338983050848
1054 HR,1200000.0,166,5,7228.915662650603
1065 JN,325000.0,71,4,4577.4647887323945
1061 BM,275000.0,39,2,7051.282051282052
1083 VA,365000.0,78,3,4679.48717948718
1107 AX,300000.0,84,4,3571.4285714285716
1052 GP,485000.0,67,3,7238.805970149254
1015 XP,725000.0,87,4,8333.333333333334
1060 TX,325000.0,87,3,3735.632183908046
1102 TV,225000.0,61,3,3688.5245901639346
1014 ZG,690000.0,100,3,6900.0
1015 ZH,250000.0,28,1,8928.57142857143
1054 WX,825000.0,114,3,7236.8421052631575
1103 LK,239000.0,53,3,4509.433962264151
1053 LD,400000.0,49,2,8163.265306122449
1058 LB,430000.0,58,3,7413.793103448276
1098 ER,485000.0,65,3,7461.538461538462
1057 CW,300000.0,44,2,6818.181818181818
1071 VE,550000.0,61,3,9016.393442622952
1051 LW,325000.0,41,2,7926.829268292683
1053 KS,250000.0,29,2,8620.689655172413
1056 NV,675000.0,109,3,6192.660550458716
1069 LD,295000.0,91,4,3241.7582417582416
1024 NB,350000.0,92,3,3804.3478260869565
1107 CM,375000.0,98,5,3826.530612244898
1055 PZ,360000.0,53,2,6792.452830188679
1035 VS,325000.0,85,4,3823.529411764706
1063 NA,250000.0,61,2,4098.360655737705
1095 DX,550000.0,102,3,5392.156862745098
1034 CG,325000.0,76,3,4276.315789473684
1095 EP,235000.0,26,2,9038.461538461539
1074 EE,450000.0,56,2,8035.714285714285
1106 CG,245000.0,71,3,3450.7042253521126
1077 SC,1400000.0,153,4,9150.32679738562
1031 KB,650000.0,90,3,7222.222222222223
1059 TG,465000.0,67,3,6940.298507462687
1077 KE,735000.0,104,3,7067.307692307692
1074 BC,675000.0,93,4,7258.064516129032
1061 BL,425000.0,78,2,5448.717948717948
1013 AW,635000.0,90,3,7055.555555555556
1053 KR,300000.0,35,1,8571.42857142857
1104 DB,375000.0,99,4,3787.878787878788
1072 SM,300000.0,35,2,8571.42857142857
1072 KJ,910000.0,136,5,6691.176470588235
1082 NT,385000.0,65,3,5923.076923076923
1053 HA,775000.0,93,3,8333.333333333334
1097 ZS,349500.0,51,3,6852.941176470588
1055 GL,375000.0,65,3,5769.2307692307695
1051 GJ,325000.0,41,2,7926.829268292683
1102 ZW,295000.0,89,4,3314.6067415730336
1055 NM,345000.0,50,2,6900.0
1068 CZ,325000.0,88,3,3693.181818181818
1107 KW,245000.0,73,3,3356.1643835616437
1072 NR,650000.0,70,3,9285.714285714286
1056 PW,450000.0,56,4,8035.714285714285
1104 HP,525000.0,176,5,2982.9545454545455
1068 WT,315000.0,81,3,3888.8888888888887
1032 AP,500000.0,83,4,6024.096385542169
1013 NM,285000.0,36,2,7916.666666666667
1012 JB,600000.0,116,4,5172.413793103448
1015 PS,425000.0,67,3,6343.2835820895525
1103 KG,225000.0,53,3,4245.2830188679245
1058 HB,440000.0,59,3,7457.627118644068
1019 KL,450000.0,85,3,5294.117647058823
1013 CS,425000.0,75,3,5666.666666666667
1102 TH,230000.0,60,2,3833.3333333333335
1018 PA,395000.0,69,3,5724.63768115942
1019 NC,550000.0,93,3,5913.978494623656
1102 JW,350000.0,93,3,3763.440860215054
1025 HD,335000.0,92,4,3641.304347826087
1034 MK,300000.0,92,4,3260.8695652173915
1106 BR,270000.0,84,3,3214.285714285714
1022 KJ,675000.0,136,5,4963.235294117647
1051 HX,450000.0,73,3,6164.3835616438355
1074 EH,450000.0,53,2,8490.566037735849
1031 VD,549000.0,101,4,5435.6435643564355
1102 WZ,265000.0,58,3,4568.9655172413795
1016 TZ,395000.0,42,2,9404.761904761905
1021 PJ,275000.0,42,2,6547.619047619048
1057 ZW,400000.0,61,2,6557.377049180328
1097 NX,450000.0,55,2,8181.818181818182
1012 RS,395000.0,63,2,6269.841269841269
1013 CA,335000.0,61,2,5491.803278688524
1093 DD,425000.0,82,3,5182.926829268293
1051 JZ,325000.0,35,2,9285.714285714286
1055 MB,590000.0,76,4,7763.1578947368425
1013 SZ,345000.0,48,2,7187.5
1033 CR,398011.0,61,3,6524.770491803279
1018 AD,900000.0,128,4,7031.25
1063 ED,400000.0,78,3,5128.205128205128
1077 KB,825000.0,100,3,8250.0
1095 MX,415000.0,69,3,6014.492753623188
1074 EE,685000.0,91,4,7527.472527472528
1057 SV,610000.0,77,4,7922.077922077922
1024 NZ,295000.0,59,3,5000.0
1093 GB,339000.0,47,2,7212.765957446809
1068 PJ,310000.0,78,3,3974.358974358974
1106 WV,395000.0,115,6,3434.782608695652
1094 GR,335000.0,49,2,6836.734693877551
1064 AG,275000.0,64,2,4296.875
1055 PE,425000.0,69,4,6159.420289855072
1103 NB,225000.0,54,2,4166.666666666667
1063 EK,500000.0,113,6,4424.778761061947
1104 HX,600000.0,159,6,3773.5849056603774
1051 NB,300000.0,41,2,7317.073170731707
1065 XX,350000.0,68,3,5147.058823529412
1060 SC,475000.0,106,5,4481.132075471698
1034 XC,510000.0,91,3,5604.395604395604
1102 VG,225000.0,60,2,3750.0
1018 VG,545000.0,61,2,8934.426229508197
1017 KP,550000.0,66,2,8333.333333333334
1102 TD,225000.0,43,2,5232.558139534884
1106 DS,320000.0,83,3,3855.421686746988
1055 DE,360000.0,49,3,7346.938775510204
1021 NN,475000.0,113,4,4203.539823008849
1056 BB,425000.0,62,3,6854.8387096774195
1082 GN,395000.0,81,3,4876.543209876543
1102 VJ,265000.0,71,3,3732.394366197183
1102 TT,230000.0,53,2,4339.622641509434
1032 HN,750000.0,116,4,6465.517241379311
1054 KT,1000000.0,122,5,8196.72131147541
1073 EE,825000.0,112,5,7366.071428571428
1077 KL,425000.0,67,2,6343.2835820895525
1094 SW,369000.0,56,2,6589.285714285715
1091 LJ,300000.0,46,3,6521.739130434783
1032 GT,389000.0,61,1,6377.049180327869
1065 XW,300000.0,59,3,5084.745762711865
1078 EZ,800000.0,123,6,6504.065040650406
1095 MA,600000.0,120,4,5000.0
1024 VG,300000.0,65,3,4615.384615384615
1076 LJ,415000.0,54,2,7685.185185185185
1024 VG,325000.0,77,4,4220.779220779221
1025 LS,775000.0,117,4,6623.931623931624
1087 KH,750000.0,158,6,4746.835443037975
1092 VZ,650000.0,102,4,6372.549019607844
1095 MP,600000.0,108,4,5555.555555555556
1052 HB,325000.0,46,2,7065.217391304348
1094 BC,385000.0,49,3,7857.142857142857
1016 GD,875000.0,96,5,9114.583333333334
1015 KG,500000.0,52,2,9615.384615384615
1023 CS,900000.0,120,5,7500.0
1034 WT,350000.0,83,3,4216.8674698795185
1108 CN,350000.0,118,5,2966.101694915254
1059 XL,450000.0,62,2,7258.064516129032
1068 CM,325000.0,88,4,3693.181818181818
1063 BL,200000.0,27,2,7407.407407407408
1056 HD,575000.0,80,3,7187.5
1068 NJ,325000.0,81,3,4012.3456790123455
1074 XP,400000.0,47,2,8510.63829787234
1019 GP,365000.0,59,2,6186.440677966101
1067 ML,350000.0,88,3,3977.2727272727275
1065 JM,300000.0,73,4,4109.58904109589
1104 GZ,375000.0,90,4,4166.666666666667
1091 MR,415000.0,61,3,6803.2786885245905
1064 PB,300000.0,65,4,4615.384615384615
1057 KB,625000.0,75,3,8333.333333333334
1107 LD,315000.0,102,5,3088.235294117647
1052 TV,325000.0,44,2,7386.363636363636
1053 TP,370000.0,46,2,8043.478260869565
1021 VL,298000.0,43,2,6930.232558139535
1094 EG,375000.0,56,3,6696.428571428572
1063 JK,325000.0,81,3,4012.3456790123455
1095 VA,325000.0,42,2,7738.0952380952385
1052 LX,375000.0,54,2,6944.444444444444
1063 AH,295000.0,46,2,6413.04347826087
1013 JK,375000.0,44,2,8522.727272727272
1067 GM,295000.0,65,4,4538.461538461538
1087 VJ,275000.0,48,2,5729.166666666667
1078 CJ,345000.0,47,2,7340.425531914893
1055 SC,500000.0,82,3,6097.5609756097565
1057 RX,390000.0,58,2,6724.137931034483
1093 CN,400000.0,58,2,6896.551724137931
1104 PH,250000.0,70,3,3571.4285714285716
1073 VP,625000.0,72,4,8680.555555555555
1087 DK,550000.0,97,3,5670.103092783505
1019 LG,585000.0,87,3,6724.137931034483
1107 WH,425000.0,142,6,2992.957746478873
1025 ZP,300000.0,85,3,3529.4117647058824
1052 TS,300000.0,45,2,6666.666666666667
1107 LC,275000.0,73,2,3767.123287671233
1013 BR,525000.0,69,3,7608.695652173913
1058 XE,725000.0,88,4,8238.636363636364
1013 JK,350000.0,48,2,7291.666666666667
1068 RL,275000.0,57,2,4824.561403508772
1066 TB,450000.0,97,4,4639.1752577319585
1057 PV,325000.0,47,3,6914.893617021276
1015 JN,425000.0,48,2,8854.166666666666
1081 EP,300000.0,44,2,6818.181818181818
1106 JC,330000.0,108,5,3055.5555555555557
1102 XP,215000.0,43,2,5000.0
1053 WX,695000.0,88,3,7897.727272727273
1018 BT,750000.0,108,3,6944.444444444444
1087 LD,400000.0,79,3,5063.291139240507
1052 HN,585000.0,82,3,7134.1463414634145
1091 SB,395000.0,44,2,8977.272727272728
1024 AV,250000.0,84,3,2976.190476190476
1057 GH,725000.0,103,3,7038.834951456311
1069 LE,275000.0,92,4,2989.1304347826085
1018 VK,700000.0,107,3,6542.056074766355
1104 PC,260000.0,83,4,3132.5301204819275
1107 PX,275000.0,83,3,3313.253012048193
1056 VX,535000.0,75,4,7133.333333333333
1061 BJ,465000.0,94,4,4946.808510638298
1054 BS,490000.0,62,3,7903.225806451613
1067 RG,375000.0,69,4,5434.782608695652
1058 CA,425000.0,58,3,7327.586206896552
1103 LM,265000.0,109,5,2431.1926605504586
1057 ZN,425000.0,58,3,7327.586206896552
1024 BE,525000.0,122,5,4303.2786885245905
1059 TL,625000.0,77,4,8116.883116883117
1067 RC,380000.0,77,4,4935.064935064935
1077 ZC,950000.0,148,7,6418.918918918919
1053 KD,350000.0,41,2,8536.585365853658
1065 XW,325000.0,70,4,4642.857142857143
1053 XP,550000.0,74,2,7432.4324324324325
1025 AP,300000.0,85,4,3529.4117647058824
1033 ZP,245000.0,50,2,4900.0
1096 GJ,230000.0,28,1,8214.285714285714
1057 PX,395000.0,53,3,7452.830188679245
1072 XT,365000.0,40,2,9125.0
1072 PH,698000.0,89,5,7842.696629213483
1068 ZV,495000.0,117,6,4230.7692307692305
1062 JN,375000.0,80,4,4687.5
1068 EM,375000.0,88,3,4261.363636363636
1086 ZM,1200000.0,231,8,5194.805194805195
1055 LW,425000.0,71,3,5985.915492957746
1078 KN,730000.0,89,3,8202.247191011236
1055 NS,325000.0,48,4,6770.833333333333
1103 TT,275000.0,78,3,3525.641025641026
1017 ET,535000.0,67,2,7985.074626865671
1055 NX,375000.0,57,3,6578.9473684210525
1093 NK,775000.0,126,5,6150.793650793651
1063 NK,375000.0,78,3,4807.692307692308
1059 AK,400000.0,54,3,7407.407407407408
1092 BP,300000.0,40,2,7500.0
1104 DH,375000.0,104,3,3605.769230769231
1104 VA,295000.0,91,3,3241.7582417582416
1082 CB,345000.0,57,2,6052.631578947368
1104 MN,260000.0,71,3,3661.9718309859154
1107 AN,225000.0,56,2,4017.8571428571427
1057 RK,425000.0,50,2,8500.0
1087 DM,475000.0,90,3,5277.777777777777
1068 PM,425000.0,108,3,3935.185185185185
1016 GX,1170000.0,121,2,9669.421487603306
1092 VG,520000.0,69,3,7536.231884057971
1065 XK,350000.0,68,4,5147.058823529412
1103 KW,289500.0,108,5,2680.5555555555557
1066 WE,480000.0,127,5,3779.527559055118
1034 EZ,325000.0,84,4,3869.0476190476193
1068 RL,250000.0,57,2,4385.964912280701
1067 EM,350000.0,87,3,4022.9885057471265
1086 ZV,600000.0,110,4,5454.545454545455
1024 NB,350000.0,87,3,4022.9885057471265
1074 CV,525000.0,70,3,7500.0
1019 NE,500000.0,89,3,5617.9775280898875
1018 WA,700000.0,106,3,6603.773584905661
1106 DB,300000.0,90,4,3333.3333333333335
1025 ZM,175000.0,28,1,6250.0
1064 CR,365000.0,78,4,4679.48717948718
1019 HT,,107,3,
1067 BG,375000.0,84,4,4464.285714285715
1051 KN,425000.0,74,3,5743.243243243243
1017 XX,1320000.0,230,8,5739.130434782609
1035 JR,469000.0,109,3,4302.752293577982
1051 GV,270000.0,38,1,7105.263157894737
1017 SX,325000.0,44,3,7386.363636363636
1036 LG,650000.0,113,6,5752.212389380531
1018 NM,550000.0,90,3,6111.111111111111
1097 BA,1150000.0,163,7,7055.21472392638
1051 GX,385000.0,50,2,7700.0
1056 XD,325000.0,43,2,7558.139534883721
1064 NX,750000.0,155,6,4838.709677419355
1021 CK,465000.0,73,4,6369.86301369863
1060 RE,300000.0,67,3,4477.611940298508
1024 BD,250000.0,84,3,2976.190476190476
1058 AR,500000.0,64,3,7812.5
1053 LH,875000.0,108,4,8101.851851851852
1058 HE,399000.0,62,2,6435.4838709677415
1019 BZ,925000.0,145,4,6379.310344827586
1079 RK,875000.0,123,4,7113.821138211382
1079 RK,930000.0,123,4,7560.975609756098
1018 AK,725000.0,101,4,7178.217821782178
1055 AD,575000.0,119,3,4831.9327731092435
1087 KH,600000.0,132,4,4545.454545454545
1060 SC,600000.0,146,7,4109.58904109589
1104 MN,265000.0,72,3,3680.5555555555557
1052 HB,350000.0,46,3,7608.695652173913
1064 EB,340000.0,78,3,4358.974358974359
1061 DM,350000.0,58,3,6034.482758620689
1091 VE,430000.0,56,2,7678.571428571428
1036 KD,975000.0,180,5,5416.666666666667
1079 LM,500000.0,84,3,5952.380952380952
1053 RW,850000.0,123,7,6910.569105691057
1018 CC,645000.0,89,3,7247.191011235955
1074 XP,425000.0,49,3,8673.469387755102
1072 JX,1090000.0,149,3,7315.436241610738
1086 VG,895000.0,184,6,4864.130434782609
1034 GA,465000.0,104,3,4471.153846153846
1079 BN,700000.0,79,3,8860.759493670887
1081 GG,325000.0,55,2,5909.090909090909
1019 AZ,695000.0,107,4,6495.327102803738
1074 CJ,825000.0,97,4,8505.154639175258
1068 JN,280000.0,64,3,4375.0
1068 KN,550000.0,160,6,3437.5
1024 PN,325000.0,77,3,4220.779220779221
1033 DL,325000.0,77,3,4220.779220779221
1107 SM,275000.0,111,5,2477.4774774774774
1055 RL,340000.0,46,2,7391.304347826087
1057 DH,550000.0,72,3,7638.888888888889
1019 NA,500000.0,84,3,5952.380952380952
1033 RD,750000.0,111,4,6756.756756756757
1061 BJ,499000.0,92,4,5423.913043478261
1016 HP,1750000.0,212,4,8254.716981132075
1053 BE,1250000.0,202,6,6188.118811881188
1055 EL,319000.0,50,2,6380.0
1071 LS,1100000.0,147,4,7482.993197278912
1079 VM,325000.0,47,2,6914.893617021276
1066 TA,475000.0,109,4,4357.798165137615
1068 CP,300000.0,88,2,3409.090909090909
1025 TH,265000.0,66,2,4015.151515151515
1069 LK,399500.0,99,3,4035.3535353535353
1060 NP,725000.0,173,7,4190.751445086706
1055 SX,625000.0,95,5,6578.9473684210525
1017 NJ,399000.0,40,2,9975.0
1055 GL,445000.0,66,3,6742.424242424242
1087 KG,550000.0,145,3,3793.103448275862
1058 XJ,675000.0,84,4,8035.714285714285
1082 RA,325000.0,84,3,3869.0476190476193
1055 KR,600000.0,82,4,7317.073170731707
1058 CA,375000.0,57,3,6578.9473684210525
1079 HV,575000.0,82,4,7012.195121951219
1064 CR,475000.0,79,3,6012.658227848101
1091 MZ,500000.0,62,3,8064.5161290322585
1102 EE,275000.0,94,4,2925.531914893617
1075 GE,1775000.0,177,9,10028.24858757062
1054 MV,525000.0,63,3,8333.333333333334
1091 CJ,400000.0,52,2,7692.307692307692
1083 JR,375000.0,80,4,4687.5
1019 TJ,550000.0,87,2,6321.83908045977
1092 VX,525000.0,76,2,6907.894736842105
1015 KJ,760000.0,90,4,8444.444444444445
1032 EC,700000.0,123,6,5691.056910569106
1054 BJ,675000.0,75,3,9000.0
1102 AV,325000.0,97,4,3350.5154639175257
1098 XA,459000.0,75,3,6120.0
1053 GD,350000.0,46,2,7608.695652173913
1094 AE,325000.0,43,2,7558.139534883721
1068 ND,275000.0,81,3,3395.061728395062
1025 GW,275000.0,57,2,4824.561403508772
1062 EE,700000.0,140,5,5000.0
1106 AM,209000.0,59,2,3542.3728813559323
1017 XT,1325000.0,150,5,8833.333333333334
1017 KP,850000.0,120,3,7083.333333333333
1087 KH,485000.0,105,4,4619.047619047619
1078 CL,385000.0,53,2,7264.1509433962265
1036 LN,650000.0,125,5,5200.0
1058 JX,450000.0,64,3,7031.25
1087 DP,450000.0,87,3,5172.413793103448
1059 VL,600000.0,90,3,6666.666666666667
1069 EH,245000.0,71,3,3450.7042253521126
1051 VR,500000.0,70,3,7142.857142857143
1053 CM,600000.0,80,2,7500.0
1079 LW,595000.0,73,3,8150.684931506849
1072 BH,995000.0,127,4,7834.645669291339
1109 BW,475000.0,118,5,4025.423728813559
1103 TT,275000.0,78,3,3525.641025641026
1024 AK,285000.0,85,4,3352.9411764705883
1057 DB,585000.0,75,3,7800.0
1067 WD,310000.0,75,3,4133.333333333333
1082 VC,495000.0,81,4,6111.111111111111
1054 VX,475000.0,54,2,8796.296296296296
1055 NK,425000.0,57,3,7456.140350877193
1069 LW,875000.0,161,4,5434.782608695652
1054 XS,560000.0,73,3,7671.232876712329
1087 JA,700000.0,130,6,5384.615384615385
1054 DJ,1150000.0,144,6,7986.111111111111
1013 CK,,81,3,
1053 VN,1250000.0,149,6,8389.261744966443
1018 KB,275000.0,40,2,6875.0
1060 RZ,575000.0,145,5,3965.5172413793102
1054 KM,1025000.0,125,3,8200.0
1055 XN,340000.0,47,2,7234.04255319149
1058 ES,550000.0,125,5,4400.0
1051 MC,400000.0,59,2,6779.661016949152
1062 AL,235000.0,33,2,7121.212121212121
1034 LX,335000.0,93,4,3602.1505376344085
1061 MJ,975000.0,221,5,4411.764705882353
1019 RV,450000.0,64,2,7031.25
1093 SH,350000.0,53,2,6603.773584905661
1013 WJ,725000.0,118,4,6144.067796610169
1053 GB,340000.0,44,3,7727.272727272727
1018 AW,1175000.0,164,2,7164.634146341464
1025 HD,325000.0,92,4,3532.608695652174
1028 BP,700000.0,103,4,6796.116504854369
1068 WV,295000.0,82,3,3597.560975609756
1074 VA,335000.0,44,2,7613.636363636364
1053 NX,300000.0,38,2,7894.736842105263
1093 VD,600000.0,83,4,7228.915662650603
1075 CR,675000.0,72,3,9375.0
1057 GZ,495000.0,80,4,6187.5
1057 HJ,539000.0,75,3,7186.666666666667
1079 GL,499000.0,75,3,6653.333333333333
1054 JR,475000.0,67,3,7089.55223880597
1093 NK,800000.0,130,5,6153.846153846154
1077 DZ,1625000.0,257,9,6322.95719844358
1069 GB,315000.0,99,4,3181.818181818182
1060 SC,450000.0,111,4,4054.054054054054
1054 XJ,495000.0,54,3,9166.666666666666
1077 JE,550000.0,78,3,7051.282051282052
1087 LN,400000.0,89,3,4494.38202247191
1058 KN,525000.0,70,3,7500.0
1102 AP,350000.0,98,4,3571.4285714285716
1092 XB,620000.0,86,4,7209.302325581395
1034 SK,375000.0,89,5,4213.483146067416
1023 VP,550000.0,114,6,4824.561403508772
1053 HA,1095000.0,204,6,5367.64705882353
1021 JC,485000.0,93,5,5215.05376344086
1067 WC,385000.0,87,3,4425.287356321839
1023 NT,1575000.0,138,4,11413.04347826087
1083 EE,249000.0,33,2,7545.454545454545
1064 AE,350000.0,74,4,4729.72972972973
1069 RR,600000.0,136,4,4411.764705882353
1082 XW,425000.0,79,3,5379.7468354430375
1067 SC,345000.0,69,4,5000.0
1011 AW,640000.0,58,3,11034.48275862069
1011 AW,645000.0,58,3,11120.689655172413
1067 MT,350000.0,92,3,3804.3478260869565
1094 EZ,350000.0,65,2,5384.615384615385
1060 NV,475000.0,115,5,4130.434782608696
1012 VD,400000.0,46,1,8695.652173913044
1087 EM,450000.0,96,3,4687.5
1033 WW,450000.0,59,2,7627.118644067797
1091 NW,375000.0,54,3,6944.444444444444
1053 DS,485000.0,69,3,7028.985507246377
1071 GW,1100000.0,136,3,8088.235294117647
1025 AT,1000000.0,220,7,4545.454545454545
1076 TV,375000.0,43,2,8720.93023255814
1060 NX,525000.0,138,5,3804.3478260869565
1019 AL,1325000.0,162,4,8179.0123456790125
1034 LW,335000.0,92,4,3641.304347826087
1091 LM,400000.0,58,3,6896.551724137931
1077 KG,835000.0,124,3,6733.870967741936
1077 KG,885000.0,136,3,6507.35294117647
1078 VH,635000.0,81,3,7839.506172839506
1054 ER,1120000.0,129,5,8682.170542635658
1057 RH,375000.0,52,3,7211.538461538462
1067 LZ,400000.0,107,6,3738.3177570093458
1092 GA,285000.0,41,2,6951.219512195122
1104 GG,425137.0,92,4,4621.054347826087
1109 BK,549001.0,107,4,5130.85046728972
1066 LG,575000.0,134,6,4291.044776119403
1063 GN,500000.0,102,5,4901.9607843137255
1102 WX,179000.0,29,2,6172.413793103448
1015 ND,790000.0,90,3,8777.777777777777
1057 VX,350000.0,50,3,7000.0
1068 ZZ,425000.0,110,4,3863.6363636363635
1064 GV,600000.0,135,6,4444.444444444444
1077 SX,1099000.0,191,6,5753.926701570681
1069 DA,525000.0,112,5,4687.5
1025 SM,329000.0,74,4,4445.945945945946
1064 WV,445000.0,101,3,4405.940594059406
1069 LL,950000.0,174,6,5459.770114942528
1016 NG,800000.0,107,3,7476.6355140186915
1102 GL,350000.0,144,6,2430.5555555555557
1035 MA,875000.0,135,5,6481.481481481482
1056 EX,575000.0,78,3,7371.794871794872
1017 DT,700000.0,76,4,9210.526315789473
1034 CN,325000.0,80,4,4062.5
1098 JR,750000.0,102,5,7352.941176470588
1057 VE,500000.0,73,3,6849.315068493151
1097 WE,300000.0,48,2,6250.0
1064 WJ,675000.0,157,5,4299.363057324841
1075 XR,345000.0,34,2,10147.058823529413
1024 NZ,275000.0,64,3,4296.875
1063 VA,245000.0,45,2,5444.444444444444
1075 XR,385000.0,37,2,10405.405405405405
1075 XR,375000.0,35,2,10714.285714285714
1035 XE,300000.0,68,3,4411.764705882353
1058 GA,1200000.0,171,4,7017.543859649123
1069 KJ,499000.0,127,5,3929.1338582677167
1102 AC,325000.0,98,3,3316.326530612245
1054 ZT,480000.0,60,2,8000.0
1059 AR,475000.0,62,4,7661.290322580645
1072 HH,685000.0,78,3,8782.051282051281
1016 EX,550000.0,57,2,9649.122807017544
1060 RZ,550000.0,137,5,4014.598540145985
1075 AH,5850000.0,480,14,12187.5
1064 EB,330000.0,78,3,4230.7692307692305
1055 KL,375000.0,59,3,6355.932203389831
1019 DS,575000.0,107,3,5373.8317757009345
1015 AM,825000.0,98,4,8418.367346938776
1034 WN,515000.0,119,4,4327.731092436975
1102 HA,225000.0,65,2,3461.5384615384614
1075 EE,1050000.0,119,5,8823.529411764706
1055 JE,425000.0,80,4,5312.5
1033 CN,375000.0,63,5,5952.380952380952
1052 LN,1150000.0,145,5,7931.0344827586205
1055 GV,425000.0,71,4,5985.915492957746
1017 LN,1450000.0,124,5,11693.548387096775
1018 GS,850000.0,90,3,9444.444444444445
1011 PG,750000.0,114,4,6578.9473684210525
1035 KA,450000.0,107,4,4205.607476635514
1102 XH,235000.0,58,2,4051.7241379310344
1011 TV,600000.0,83,2,7228.915662650603
1068 WT,315000.0,81,3,3888.8888888888887
1054 GG,1250000.0,157,4,7961.783439490446
1081 JX,699000.0,98,3,7132.65306122449
1067 DZ,440000.0,115,6,3826.086956521739
1032 KK,450000.0,74,2,6081.081081081081
1024 VX,300000.0,78,4,3846.153846153846
1014 ZJ,475000.0,61,3,7786.88524590164
1092 GG,399000.0,66,4,6045.454545454545
1077 DC,790000.0,109,5,7247.706422018348
1057 KA,650000.0,77,3,8441.558441558442
1068 PA,375000.0,96,4,3906.25
1052 KD,365000.0,47,2,7765.95744680851
1069 RC,210000.0,47,2,4468.085106382979
1068 CS,269000.0,55,2,4890.909090909091
1058 EE,570000.0,96,4,5937.5
1012 JD,785000.0,112,3,7008.928571428572
1019 DN,500000.0,93,3,5376.344086021505
1079 JW,400000.0,53,3,7547.169811320755
1058 SJ,425000.0,55,3,7727.272727272727
1059 VL,700000.0,106,3,6603.773584905661
1064 AH,350000.0,75,3,4666.666666666667
1076 XB,360000.0,42,3,8571.42857142857
1011 EH,512000.0,64,2,8000.0
1074 VW,375000.0,45,2,8333.333333333334
1019 RW,750000.0,118,4,6355.932203389831
1103 KH,237000.0,53,3,4471.698113207547
1072 TA,375000.0,45,2,8333.333333333334
1011 HJ,560000.0,80,2,7000.0
1063 ML,250000.0,48,3,5208.333333333333
1019 AL,650000.0,87,4,7471.264367816092
1019 MA,1450000.0,273,5,5311.355311355312
1033 LG,275000.0,40,2,6875.0
1058 GX,550000.0,81,5,6790.123456790124
1069 GZ,349000.0,82,4,4256.09756097561
1067 MT,350000.0,92,3,3804.3478260869565
1013 GE,575000.0,80,3,7187.5
1017 BA,1000000.0,120,3,8333.333333333334
1025 HW,398000.0,102,3,3901.9607843137255
1107 PZ,280000.0,82,3,3414.6341463414633
1061 EA,350000.0,58,3,6034.482758620689
1013 BD,500000.0,76,3,6578.9473684210525
1051 RH,615000.0,95,4,6473.684210526316
1086 VA,575000.0,128,4,4492.1875
1013 HB,275000.0,31,2,8870.967741935483
1051 GP,644900.0,92,3,7009.782608695652
1054 XL,199000.0,21,1,9476.190476190477
1075 CB,685000.0,80,3,8562.5
1016 RJ,1300000.0,139,5,9352.51798561151
1095 MD,540000.0,94,3,5744.68085106383
1098 WR,475000.0,96,4,4947.916666666667
1069 EE,245000.0,61,3,4016.3934426229507
1031 CJ,1250000.0,180,9,6944.444444444444
1011 EJ,695000.0,96,3,7239.583333333333
1087 VS,348738.0,79,4,4414.405063291139
1087 VS,348738.0,79,4,4414.405063291139
1075 EW,1698000.0,205,5,8282.926829268292
1069 DW,275000.0,84,4,3273.809523809524
1063 MG,375000.0,118,4,3177.9661016949153
1066 JG,675000.0,129,4,5232.558139534884
1031 BV,849000.0,111,5,7648.648648648648
1061 DJ,539000.0,108,4,4990.740740740741
1016 VM,525000.0,59,4,8898.305084745763
1011 BS,1500000.0,194,9,7731.958762886598
1097 AE,295000.0,41,1,7195.121951219512
1097 AE,750000.0,117,1,6410.25641025641
1033 CP,350000.0,72,3,4861.111111111111
1058 AK,350000.0,51,3,6862.745098039216
1095 MB,599000.0,113,4,5300.884955752213
1068 JS,300000.0,79,4,3797.46835443038
